{"root":[{"assemblyName":"Unity.InputSystem","nameSpace":"UnityEngine.InputSystem","className":"InputSystem","methodName":"RunInitializeInPlayer","loadTypes":1,"isUnityClass":true},{"assemblyName":"Unity.VisualScripting.Core","nameSpace":"Unity.VisualScripting","className":"RuntimeVSUsageUtility","methodName":"RuntimeInitializeOnLoadBeforeSceneLoad","loadTypes":1,"isUnityClass":true},{"assemblyName":"Unity.Collections","nameSpace":"Unity.Collections","className":"AllocatorManager/StackAllocator/Try_0000093E$BurstDirectCall","methodName":"Initialize","loadTypes":2,"isUnityClass":true},{"assemblyName":"Unity.Collections","nameSpace":"Unity.Collections","className":"AllocatorManager/SlabAllocator/Try_0000094C$BurstDirectCall","methodName":"Initialize","loadTypes":2,"isUnityClass":true},{"assemblyName":"Unity.Collections","nameSpace":"Unity.Collections","className":"RewindableAllocator/Unity.Collections.Try_000006A4$BurstDirectCall","methodName":"Initialize","loadTypes":2,"isUnityClass":true},{"assemblyName":"Unity.Collections","nameSpace":"Unity.Collections","className":"xxHash3","methodName":"Initialize","loadTypes":2,"isUnityClass":true},{"assemblyName":"Unity.Collections","nameSpace":"Unity.Collections","className":"xxHash3/Unity.Collections._mono_to_burst_Hash64Long_000006D2$BurstDirectCall","methodName":"Initialize","loadTypes":2,"isUnityClass":true},{"assemblyName":"Unity.Collections","nameSpace":"Unity.Collections","className":"xxHash3/Unity.Collections._mono_to_burst_Hash128Long_000006D4$BurstDirectCall","methodName":"Initialize","loadTypes":2,"isUnityClass":true}]}
